Experimental_MS_peptide	Gene_ids	Feature_type	Features	Transcripts	Kmer_hits
LVVLGFPCNQFGHQENCQNEEILNSL	2877	junction	T.1.G.1.0.0,T.1.G.2.0.0	NP_002074.2	18
LVYVFSQDF	5096	junction	T.1.G.3.0.0,T.1.G.5.0.0	NP_000523.2;XP_011511175.1	2
LYSYSFHGPPEPVLLDSSSILADR	10483	junction	T.1.G.18.0.0,T.1.G.19.0.0	NP_001166216.1;NP_001166217.1;NP_006354.2;NP_116780.1;NP_116781.1;XP_016883082.1	16
MGTFATLSELHCDK	3043	exon	T.1.G.2.0.0	NP_000509.1	6
MLMEMVMTNNYSYPPCTLTDEETR	26173	junction	T.1.G.18.0.0,T.1.G.19.0.0	NP_001073922.2;XP_011513562.1;XP_011513564.1;XP_016867448.1;XP_016867449.1	16
MTSIGPAESHPHTPQMPPSTPSSSFLTTK	3428	junction	T.1.A.9.0.0,T.1.A.11.0.0	NP_001193496.1	21
MTTRGMSA	23759	exon	D.1.A.24.c.1	XP_011528345.1	1
NDTMYEVL	161497	exon	T.1.G.4.0.0	NP_714544.1	1
NGIHSACLQGPLLGSPIQD	84340	junction	T.1.A.20.0.0,T.1.A.21.0.0	NP_001268231.1;NP_115756.2;NP_733792.1;XP_016865475.1	11
NKPEEPKDESPSSW	4660	junction	T.1.A.28.0.0,T.1.A.29.0.0	NP_001161329.1;NP_001317958.1;NP_002472.2;XP_005245263.1;XP_016856831.1;XP_016856832.1;XP_016856834.1;XP_016856835.1;XP_016856836.1;XP_016856837.1;XP_016856839.1;XP_016856840.1	7
NLNKNKIT	11081	exon	T.1.G.2.0.0	NP_008966.1	1
NLVEQHIQDIVVHYT	6184	junction	T.1.G.7.0.0,T.1.G.8.0.0	NP_002941.1	7
NNDINQESGVAFHNDSFQLGELR	54832	junction	T.1.G.49.0.0,T.1.G.50.0.0	NP_001018098.1;NP_060154.3;NP_060550.2;NP_065872.1;XP_011520015.1;XP_011520016.1	16
NSFERGEDPLVDDQNERDINSVAGVLK	9901	junction	T.1.G.23.0.0,T.1.G.24.0.0	NP_001028289.1;NP_055665.1;XP_011532597.1;XP_011532598.1;XP_011532603.1;XP_011532605.1;XP_016863063.1;XP_016863064.1;XP_016863065.1;XP_016863068.1;XP_016863069.1;XP_024309610.1;XP_024309611.1;XP_024309612.1	20
NSSYVHGGVDASGKPQEAVYGQNDIH	9908	junction	T.1.G.8.0.0,T.1.G.9.0.0	NP_036429.2;NP_987100.1;NP_987101.1;XP_005263439.1;XP_005263440.1;XP_011530743.1;XP_016864365.1;XP_016864367.1;XP_016864368.1;XP_024310062.1	18
PLDPAAVK	3142	exon	T.1.G.1.0.0	NP_068777.1	1
PMGPVPNPQPIDPASLEEFK	83483	junction	T.1.G.4.0.0,T.1.G.5.0.0	NP_112600.1	12
PNASGAGE	152	exon	T.1.G.1.0.0	NP_000674.2	1
PWRGVGCM	107987233	exon	T.1.G.1.0.0	XP_016879410.1	1
QCTDVDECSENR	22795	junction	T.1.A.12.0.0,T.1.G.13.0.0	NP_031387.3;XP_005267462.1	5
QEYHPKSP	444882	junction	T.1.G.3.0.0,T.1.G.4.0.0	NP_001002923.1	1
QFIYSLDLAQLF	7264	junction	T.1.G.9.0.0,T.1.G.10.0.0	NP_001304712.1;NP_003304.1;XP_005251108.2;XP_011515571.1	5
QPGSIGSRKASVVDPSTESSPAPQEGSEQPASPASPLSSR	23061	junction	T.1.G.7.0.0,T.1.G.8.0.0	NP_055858.2;NP_942568.2	32
QVDNTDAEGR	51056	junction	T.1.G.9.0.0,T.1.G.10.0.0	NP_056991.2	3
QVMTEDKGVDLGQKPNPY	53917	junction	T.1.G.8.0.0,T.1.G.9.0.0	NP_001026847.1;NP_570137.2	11
RDPPNGPNLPMATVDIKNPEITTNR	8976	junction	T.1.G.5.0.0,T.1.G.6.0.0	NP_003932.3	18
RESGQLFHIDFGHF	5293	junction	T.1.G.27.0.0,T.1.G.28.0.0	NP_001337163.1;NP_001337164.1;NP_005017.3;XP_006710750.1;XP_006710752.1;XP_016856965.1;XP_016856966.1;XP_016856967.1;XP_016856968.1;XP_016856969.1;XP_016856970.1;XP_016856971.1;XP_016856972.1;XP_024303429.1;XP_024303431.1;XP_024303432.1	7
RFEAEPLP	55361	exon	T.1.G.4.0.0	NP_060895.1	1
RGSSFQSGRDDTWR	55770	junction	T.1.G.16.0.0,T.1.G.17.0.0	NP_060773.3;XP_016866507.1;XP_016866508.1;XP_016866509.1;XP_016866510.1;XP_016866511.1;XP_016866512.1;XP_016866513.1;XP_016866514.1;XP_016866515.1	6
RKENIKPSLGSK	51742	junction	T.1.G.17.0.0,T.1.G.18.0.0	NP_001193723.1;NP_057458.4;NP_112739.2;XP_006711844.1;XP_011542514.1;XP_016856961.1;XP_024303394.1;XP_024303396.1	4
RLEGELSLADKDVTAK	113146	exon	T.1.A.9.c.1	NP_001337858.1;NP_612429.2;XP_024305231.1	9
RMSGDLSSNVTVSVTSSTISSNVASK	3849	junction	T.1.G.8.0.0,T.1.G.9.0.0	NP_000414.2	18
RRSFSLEGLTGGAGVGN	11214	junction	T.1.G.12.0.0,T.1.G.15.0.0	NP_009131.2	10
RSDSDQEE	83463	junction	T.1.G.5.0.0,T.1.A.6.0.0	NP_112590.1	1
SALADAFY	6545	exon	T.1.G.2.0.0	NP_004164.2	1
SASLHGGDLVVSYPFDFSK	8532	exon	T.1.G.7.0.0	NP_001014448.1;NP_003643.2	12
SATGSPTPTLEWTGGPGGQLPAK	3339	junction	T.1.G.51.0.0,T.1.G.52.0.0	NP_001278789.1;NP_005520.4;XP_011539620.1;XP_016856609.1;XP_016856610.1;XP_016856611.1	15
SDPLCVLFLNTSGQQWYEVERTERIK	8895	junction	T.1.G.4.0.0,T.1.G.5.0.0	NP_003900.1;XP_005251150.1;XP_016869434.1;XP_024303090.1	18
SFMYDTPQEVAEAFLSSLTETIEGVDAEDGHGPGEQQKR	629	junction	T.1.G.5.0.0,T.1.G.6.0.0	NP_001701.2	31
SISSSPSEGTPTVG	23367	junction	T.1.G.19.0.0,T.1.G.20.0.0	NP_056130.2;XP_005268465.1;XP_006714838.1;XP_011535916.1;XP_011535917.1;XP_011535918.1;XP_011535919.1	7
SLQNEKCEDIDECVEEPEIC	2200	junction	T.1.G.49.0.0,T.1.G.50.0.0	NP_000129.3	12
SLSPGNRH	157285	exon	T.1.G.4.0.0	NP_001074295.2	1
SNRPAFMPSEGRMVSDINNAW	87	junction	T.1.G.12.0.0,T.1.G.13.0.0	NP_001093.1;NP_001123476.1;NP_001123477.1;XP_011535567.1;XP_011535568.1;XP_011535569.1;XP_011535570.1;XP_016877209.1;XP_016877210.1;XP_016877211.1;XP_016877212.1;XP_016877214.1;XP_016877215.1;XP_016877216.1;XP_016877217.1	13
SQAEDVRVEGSFPVTMLPGDGVGPELMH	3420	junction	T.1.G.2.0.0,T.1.G.3.0.0	NP_001245313.1;NP_001317692.1;NP_008830.2;NP_777280.1	21
SQGMALSLGDK	1315	junction	T.1.G.21.0.0,T.1.G.22.0.0	NP_001137533.1;NP_001137534.1;NP_057535.1	4
SQTGPVHAPIFT	3609	exon	T.1.G.14.0.0	NP_001131145.1;NP_004507.2;NP_036350.2;NP_060090.2;NP_703194.1;XP_006722805.1;XP_011526286.2;XP_011526287.1;XP_011526289.1;XP_016882252.1;XP_016882254.1;XP_024307258.1;XP_024307259.1	5
SRPQDTLGPKDPGLEPGPDSPGGSSPLRR	9780	junction	T.1.G.29.0.0,T.1.G.30.0.0	NP_001136336.2	18
SSGGGYGGGSSSGGHK	3858	exon	T.1.F.7.0.0	NP_000412.3;XP_005257400.1	9
STREHTAYYIKALSKDLPKAVELLG	7384	junction	T.1.G.4.0.0,T.1.G.5.0.0	NP_003356.2	17
STSCRPLS	100505753	exon	T.1.G.1.0.0	NP_001139654.1	1
TAFVEVVL	84133	exon	T.1.A.6.0.0	NP_001193927.1	1
TEDDDEEHIPHDLFTELDEICWR	57282	exon	D.1.A.10.0.0	NP_001171486.1;NP_001171487.1;NP_001341369.1;NP_001341370.1;NP_001341371.1;NP_001341372.1;NP_001341373.1;NP_001341374.1;NP_001341375.1;NP_001341376.1;NP_001341377.1;NP_001341378.1;NP_001341379.1;NP_001341380.1;NP_001341382.1;NP_001341389.1;NP_001341390.1;NP_071341.2;XP_005246751.1;XP_011509811.1;XP_011509812.1;XP_011509814.1;XP_011509815.1;XP_016860035.1;XP_024308784.1;XP_024308785.1	16
TEDLIQSVLTEVEAQTIEELK	23236	junction	T.1.G.25.0.0,T.1.G.26.0.0	NP_056007.1;NP_877398.1	13
TGQATSLL	4585	exon	T.1.A.2.0.0	NP_060876.5	1
TITTLYVGGLGDTITETDLRNHFYQFGEIR	55696	junction	T.1.G.7.0.0,T.1.G.8.0.0	NP_060517.1	22
TKKSEDTISKMNDFMRMQIL	3428	junction	T.1.G.8.0.0,T.1.A.9.0.0	NP_001193496.1;NP_005522.2;XP_016856639.1	13
TLGHVSLLPENDR	10730	junction	T.1.G.16.0.0,T.1.G.17.0.0	NP_001240795.1;NP_055078.1;NP_647473.1;XP_011517602.1	6
TLLQQSLPPESQQVRWEK	26088	junction	T.1.A.16.0.0,T.1.G.17.0.0	NP_001001560.1;NP_001166159.1;NP_037497.1;XP_005261575.1;XP_005261577.1;XP_005261579.1;XP_006724292.1;XP_011528425.1;XP_016884250.1;XP_016884252.1;XP_016884253.1;XP_016884254.1;XP_024307982.1;XP_024307983.1;XP_024307984.1;XP_024307985.1	10
TPTFAGGLF	2591	exon	T.1.G.8.0.0	NP_004473.2;XP_005246506.1;XP_011509231.1;XP_016859259.1	2
TQFLHKDSADLLPLDSLK	83714	exon	T.1.A.2.n.2	NP_113662.1;XP_005253854.1;XP_005253855.1;XP_011519333.1;XP_016875489.1;XP_016875490.1	11
TVATGPYRAFRVAAASGHCGAFSGSDSSRTSKSQGGVQPIPSQGGKLE	23196	junction	T.1.A.17.0.0,T.1.A.18.0.0	NP_001273651.1;NP_055427.2;XP_011516714.1;XP_011516716.1	41
VAKPASAE	399693	junction	T.1.A.15.0.0,T.1.A.16.c.1	XP_011516981.1	1
VCGKSASPLK	9172	junction	T.1.G.31.0.0,T.1.G.32.0.0	NP_003961.3;XP_006716300.1	3
VEFRPSQGCSPGYYR	3909	junction	T.1.A.40.0.0,T.1.A.41.0.0	NP_000218.3;NP_001121190.2	8
VLQYTAGG	353288	exon	T.1.G.4.0.0	NP_853517.2	1
VLSGAWVGFEHAGFQGQ	1413	junction	T.1.G.4.0.0,T.1.G.5.0.0	NP_001877.1;XP_006724203.1;XP_016884087.1	10
VSGIAGGAIPGQAPGSVPGPGLVKD	1639	junction	T.1.G.27.0.0,T.1.G.29.0.0	NP_001128512.1;NP_001128513.1;NP_001177765.1;NP_001177766.1;NP_004073.2;NP_075408.1	18
VSPTPPSE	3597	exon	T.1.A.1.0.0	XP_011529638.1	1
VTALTQMESACVTIHEALKTVIDSQTHYR	23423	junction	T.1.G.2.0.0,T.1.A.3.0.0	NP_031390.1	22
VYAVDVLV	5036	exon	T.1.G.8.0.0	NP_006182.2	1
WNSGFMGN	84458	exon	T.1.A.11.0.0	NP_001333445.1	1
YFSGLGNIIK	252969	junction	T.1.G.4.0.0,T.1.G.5.0.0	NP_001129218.1;NP_001129219.1;NP_001129220.1;NP_001336368.1;NP_001336369.1;NP_001336370.1;NP_001336371.1;NP_659480.1	3
YIFILSTI	26248	exon	T.1.G.1.0.0	NP_995581.1	1
YTEESPYE	116461	exon	T.2.A.9.0.0	XP_016855718.1	1
YVERAVKQ	26140	junction	T.1.G.2.0.0,T.1.G.3.0.0	NP_001021100.3	1
YYHAQCNFF	50807	junction	T.1.G.15.0.0,T.1.G.16.0.0	NP_001234925.1;NP_060952.2;XP_006716626.1;XP_006716627.1;XP_006716628.1;XP_011515354.1;XP_011515355.1;XP_016868956.1;XP_016868957.1	2
